{
	"credit": "Made with Blockbench",
	"textures": {
		"0": "greenytf:item/missingposter",
		"particle": "greenytf:item/missingposter"
	},
	"elements": [
		{
			"from": [0, 0, 0],
			"to": [16, 0, 22],
			"faces": {
				"north": {"uv": [0, 0, 16, 0], "texture": "#missing"},
				"east": {"uv": [0, 0, 16, 0], "texture": "#missing"},
				"south": {"uv": [0, 0, 16, 0], "texture": "#missing"},
				"west": {"uv": [0, 0, 16, 0], "texture": "#missing"},
				"up": {"uv": [0, 0, 16, 16], "texture": "#0"},
				"down": {"uv": [0, 0, 16, 16], "texture": "#missing"}
			}
		}
	],
	"display": {
		"thirdperson_righthand": {
			"rotation": [96.66, 3.63, 0.23],
			"translation": [-2.75, 5.5, 9],
			"scale": [0.54883, 1, 0.56445]
		},
		"thirdperson_lefthand": {
			"rotation": [135.25, 0, 0],
			"translation": [-3.25, -0.75, 11.75],
			"scale": [0.55, 1, 0.54]
		},
		"firstperson_righthand": {
			"rotation": [54, 0, 0],
			"translation": [0, 9, -0.25]
		},
		"firstperson_lefthand": {
			"rotation": [81, 0, 0],
			"translation": [6.75, 3.75, 0]
		},
		"ground": {
			"translation": [0, 4.25, 0]
		},
		"gui": {
			"rotation": [110, 0, 0],
			"translation": [-0.25, 0, 0],
			"scale": [0.57, 0.62, 0.58]
		},
		"head": {
			"rotation": [90, 0, 180],
			"translation": [0, 20.5, -8]
		},
		"fixed": {
			"rotation": [90, 0, 180],
			"translation": [0, 2.5, -8]
		}
	}
}